{
    "loss": 43.56879806518555,
    "accuracy": 0.9817308783531189
}